<?xml version="1.0" encoding="UTF-8"?>
<office:document-meta xmlns:office="urn:oasis:names:tc:opendocument:xmlns:office:1.0" xmlns:xlink="http://www.w3.org/1999/xlink" xmlns:dc="http://purl.org/dc/elements/1.1/" xmlns:meta="urn:oasis:names:tc:opendocument:xmlns:meta:1.0" xmlns:ooo="http://openoffice.org/2004/office" xmlns:grddl="http://www.w3.org/2003/g/data-view#" office:version="1.2"><office:meta><meta:creation-date>2015-01-08T10:50:02.495883998</meta:creation-date><dc:title>libreoffice</dc:title><meta:editing-duration>PT11M21S</meta:editing-duration><meta:editing-cycles>5</meta:editing-cycles><meta:generator>LibreOffice/3.5$Linux_x86 LibreOffice_project/350m1$Build-2</meta:generator><meta:initial-creator>ubuntu </meta:initial-creator><dc:date>2015-01-08T11:05:06</dc:date><dc:creator>ubuntu </dc:creator><meta:document-statistic meta:table-count="0" meta:image-count="0" meta:object-count="0" meta:page-count="1" meta:paragraph-count="9" meta:word-count="14" meta:character-count="164" meta:non-whitespace-character-count="84"/><meta:template xlink:type="simple" xlink:actuate="onRequest" xlink:title="libreoffice" xlink:href="../../../../../Downloads/.config/libreoffice/4/user/template/libreoffice.ott" meta:date="2015-01-08T10:50:01.67"/></office:meta></office:document-meta>